id,name,domain
556cf894736964124b636400,A&A,aanda.co.jp
55f015c6f3e5bb355000510e,A A A Pools,aaapool.com
59bba23fa6da9831407be42a,A A A Drapery,aaadraperyco.com
5569d8bd73696425e2c7a300,A&A,adincorp.com
55922c3373696418a5d3ae00,a/a,aplusa-online.com
55ed53e1f3e5bb74c50019f0,A A A Auctioneers,aaaauctioneers.net
54a199417468695860a79600,A A A Fence,aaafenceak.com
55922b5d736964192c6aa900,A A A Chiropractic,aaachiropracticclinic.com
57c4be39a6da98369a6cc71d,A&A,askariassociates.ca
59bba58fa6da98f95d16f7ba,A & A,aahairboutique.com
54a1b6ac7468695c8253160a,A&A Optical,aaopticalco.com
56e609d8f3e5bb6b7a00565a,A & A Labels,aandalabels.in
556dd16e73696411bcbfa401,A&A Trenching,aatrenching.ca
55f52c52f3e5bb6f1700190c,A G A,agaii.com
55fa2e16f3e5bb7230002cff,A A A Storage,aaastorage.com
54a19fc874686945fa66d302,A&A Manufacturing,aamfg.com
5500b85a736964177da60d00,A A Moving,aamovinginc.com
54a12ac169702d90a2fd6202,A+A Consulting,aaconsulting.com.ec
54a12ad269702d90a20d6b02,A&A Group,aa-grp.com
55f249baf3e5bb0b850034a5,A A A Diamonds,aaarings.com
55f52c52f3e5bb6f1700190c,A G A,agaii.com
54a11cb269702d7fe6c7d500,A,artegran.com.ar
54a12b2a69702d9548fd6702,A&A Biotechnology,aabiot.com
54a19fc874686945fa66d302,A&A Manufacturing,aamfg.com
5500b85a736964177da60d00,A A Moving,aamovinginc.com
54a1c178746869586025500e,A&A Distributors,anadistributors.com
5500c34a736964172c814400,A&A Paving,aandapaving.com
57c4cbd3a6da986a77ccbdb9,&A,and-a.nl
5da12236aa0b100001fb093a,A. A. Constructions,aa-constructions.com
5e57331c7c9b6500014c74ac,A&A EVENT,a-and-a-event.com
54a1a4a174686949e74c4704,A & A Maintenance,aamaintenance.com
54a1a9f474686945faa5e205,A A Sportfishing,americananglersportfishing.com
54a1c178746869586025500e,A&A Distributors,anadistributors.com
5e56471e942f6500012511e2,A&A Towers,aandatowers.com
55f8aed6f3e5bb15ef001a83,A&A inform√°tica,ayainformatica.com
5a9f1ceea6da98d93be78d87,Defence,ausglobetrade.com.au
55696d217369642585832800,A&A Asphalt,aaasphaltok.com
5e57e2559c01df0001631c88,A&A Technologies,aatech.com.pk
57c4cbd3a6da986a77ccbdb9,&A,and-a.nl
5c1eccf880f93e96060f208c,A+A architectes,aplusa-architectes.fr
54a135fb69702d449401fe00,A&A Search,aandasearch.com
56dd56d6f3e5bb1ad10039a1,A&A Architects,aaa.bg
5a9f1ceea6da98d93be78d87,Defence,ausglobetrade.com.au
56d8b0a2f3e5bb26db001de9,A,awdconsultores.com.br
5e581b170d084800015fa969,A&A Trans,aatrans.nl
556d543e736964126c78e700,A&A Testing,a-atesting.com
5d35e481a3ae614e87252f35,A,acute-games.com
5e5699f05749890001ad3854,A&A Communications,aandacommunications.com
55f285ccf3e5bb0c12005477,A A A Marketing Inc,aaamarketing.com.au
5d095786a3ae6135507cba9f,a,asfarholding.com
54a128ea69702d90a2ea7901,A+A communication,aplusa.be
56dd56d6f3e5bb1ad10039a1,A&A Architects,aaa.bg
59bbac13a6da98f5ee76d464,A A Podiatry,aapodiatry.com
54a1292869702d8cfcefa501,A&A Investment,acquaetrusca.com
59bb9ceaa6da982412f5c968,A & A Painting,aapaintingct.co
5da45291988bdd0001aea4a9,A&A Opleidingen,aaopleidingen.nl
55f84579f3e5bb0a2e001464,A A A Cleaning Services,aaacleaninginc.com
57c5061aa6da986ab6214396,A&A DesignWorks,aadesignworks.com
5a9ce3f3a6da98d9a1559447,A&A Furnishing,aafpl.com
5d095786a3ae6135507cba9f,a,asfarholding.com
54a1292869702d8cfcefa501,A&A Investment,acquaetrusca.com
54fca4777369640186552200,A. A. Rental,aarental.com
5c236c5cf65125e356459c89,A&A Staffing,aastaffing.co.uk
55e7cd8df3e5bb0fc7000a6d,A&A Transportation,aandatransportation.com
5d0a4e52f651257766c55886,A,apointech.eu
556d8ca87369641271092e01,A A Wok,aawokdayton.com
556d995b73696411e3505901,A & A Strategy,aastrategy.com
5e564c8357498900013182c2,A. A. Locam,aalocam.com.br
54a129e569702d8cfc560a02,"A&A, Ltd.",anacpa.net
55f84579f3e5bb0a2e001464,A A A Cleaning Services,aaacleaninginc.com
5ed4b3e1ec16510001c746fb,A,axir.io
55e8a10ff3e5bb1566000648,A A Telecom,aa-telecom.co.uk
5e563e3b942f65000124dd41,A & A Agency,aa-agency.co
55698e85736964255d6f5300,A&A Extensions,aandaextensions.co.nz
556d8ca87369641271092e01,A A Wok,aawokdayton.com
559214ec7369641b338b1b00,A,aesculapius.it
5e564c8357498900013182c2,A. A. Locam,aalocam.com.br
54fca4777369640186552200,A. A. Rental,aarental.com
556940277369642105451c00,A+A Design,aplusa.co.in
5da4c9820ca8510001f3e4c0,A+A CONSULTORA,aaconsultora.com
5569510473696425b8610300,A&A Executives,aandaexecutives.com
59bba2a4a6da989c5b50902b,A & A Mattress,aamattress.com
556992e2736964254fa95d00,A&A Global,anaproptrading.com
56dd893af3e5bb1acd0058d4,A & A Graphics,aanda.in
556d75677369641261f81701,A&A Studio,aeastudio.it
559214ec7369641b338b1b00,A,aesculapius.it
59bba085a6da981335c83f9e,A&A Painting,aapainting.us
54a12a9069702d9b8bc12b02,A&A Consultants,aconsultant.ca
55e150cef3e5bb792c00054a,A,atlast.us
5e57e1f8e983c8000163225e,A&A Designs,aabimdesigns.com
5592168273696418a5c25f00,A & A Melters,aamelters.com
55e8a10ff3e5bb1566000648,A A Telecom,aa-telecom.co.uk
5a9ea432a6da98d954ddbb8b,A&A snc,aanda.it
56d754e1f3e5bb62cb0079a7,A & A Realty,aarealty.net
56dd6490f3e5bb1ad9004043,a,avanzaservice.cl
59bb9d51a6da982427a48a4a,A & A Accounting,a2accounting.com
54a13ca569702de5b387fa01,A&A Coaching,artistamundo.com
5569510473696425b8610300,A&A Executives,aandaexecutives.com
59bba003a6da98fc3149e3fe,A&A Development,aadevelopmentinc.com
5e5b8142e5492b00015f7c9f,A&A Material,aa-material.co.jp
